<application>
  <component name="FileTypeManager" version="17">
    <extensionMap>
      <mapping ext="main.kts" type="Kotlin" />
      <mapping ext="gradle.kts" type="Kotlin" />
      <mapping pattern="sftp_staging_id_rsa" type="PLAIN_TEXT" />
      <mapping pattern="proto" type="PLAIN_TEXT" />
      <mapping pattern="createTable.md" type="PLAIN_TEXT" />
      <mapping pattern="maven依赖解决方案.md" type="PLAIN_TEXT" />
      <mapping pattern=".JOBNAME" type="PLAIN_TEXT" />
      <mapping ext="caffemodel" type="PLAIN_TEXT" />
      <mapping ext="simpleext" type="PLAIN_TEXT" />
      <mapping ext="prototxt" type="PLAIN_TEXT" />
      <mapping ext="xsb" type="PLAIN_TEXT" />
      <mapping ext="keytab" type="PLAIN_TEXT" />
    </extensionMap>
  </component>
</application>