<application>
  <component name="AppStorage">
    <histories>
      <item value="Mutable" />
      <item value="Enumerable" />
      <item value="placeholders" />
      <item value="Escalate" />
      <item value="Escalate Apc" />
      <item value="Concrete" />
      <item value="Specifies load methods with Resource and String location parameters." />
      <item value="* Return the names of all beans defined in this factory. * &lt;p&gt;Does not consider any hierarchy this factory may participate in, * and ignores any singleton beans that have been registered by * other means than bean definitions." />
      <item value="&lt;p&gt;Integration code for other frameworks can leverage this interface to * wire and populate existing bean instances that Spring does not control * the lifecycle of. This is particularly useful for WebWork Actions and * Tapestry Page objects, for example." />
      <item value="leverage" />
      <item value="facilities" />
      <item value="* Configuration interface to be implemented by most bean factories. Provides * facilities to configure a bean factory, in addition to the bean factory * client methods in the {@link org.springframework.beans.factory.BeanFactory} * interface" />
      <item value="* &lt;p&gt;If this is a {@link HierarchicalBeanFactory}, the return values will &lt;i&gt;not&lt;/i&gt; * take any BeanFactory hierarchy into account, but will relate only to the beans * defined in the current factory. Use the {@link BeanFactoryUtils} helper class * to consider beans in ancestor factories too." />
      <item value="Extension of the {@link BeanFactory} interface to be implemented by bean factories * that can enumerate all their bean instances, rather than attempting bean lookup * by name one by one as requested by clients. BeanFactory implementations that * preload all their bean definitions (such as XML-based factories) may implement * this interface." />
      <item value="can enumerate all their bean instances" />
      <item value="ancestor" />
      <item value="relate" />
      <item value="preload" />
      <item value="Freeze" />
      <item value="retrieve" />
      <item value="Retriever" />
      <item value="instantiation" />
      <item value="role" />
      <item value="Return a merged RootBeanDefinition, traversing the parent bean definition * if the specified bean corresponds to a child bean definition." />
      <item value="clean Up Quiet" />
      <item value="Quit" />
      <item value="Quite" />
      <item value="clean Up Quite" />
      <item value="Cognitive Complexity" />
      <item value="List of names of manually registered singletons" />
      <item value="Cannot modify startup-time collection elements anymore" />
      <item value="Cannot modify startup-time collection elements anymore (for stable iteration)" />
      <item value="Still in startup registration phase" />
      <item value="Component" />
      <item value="amortized" />
      <item value="Resizable" />
      <item value="definition" />
      <item value="Decorate" />
      <item value="introspection" />
      <item value="If any execution of the task * encounters an exception, subsequent executions are suppressed" />
      <item value="suppressed" />
      <item value="Basic interface for resolving entities" />
      <item value="entities" />
      <item value="Context that gets passed along a bean definition reading process" />
      <item value="encapsulating" />
      <item value="Context that gets passed along a bean definition reading process, * encapsulating all relevant configuration as well as state" />
      <item value="contains" />
      <item value="contain" />
      <item value="fraud" />
      <item value="fraud Reject" />
    </histories>
    <option name="languageScores">
      <map>
        <entry key="CHINESE" value="63" />
        <entry key="ENGLISH" value="64" />
      </map>
    </option>
  </component>
  <component name="Settings">
    <option name="googleTranslateSettings">
      <google-translate>
        <option name="primaryLanguage" value="CHINESE" />
      </google-translate>
    </option>
    <option name="ignoreRegExp" value="" />
  </component>
</application>