<keymap version="1" name="macOS copy" parent="Mac OS X 10.5+">
  <action id="$Delete">
    <keyboard-shortcut first-keystroke="delete" />
    <keyboard-shortcut first-keystroke="back_space" />
    <keyboard-shortcut first-keystroke="meta back_space" />
    <keyboard-shortcut first-keystroke="ctrl d" />
  </action>
  <action id="ActivateFavoritesToolWindow" />
  <action id="ActivateFindToolWindow" />
  <action id="ActivateMavenToolWindow">
    <keyboard-shortcut first-keystroke="meta 3" />
  </action>
  <action id="ActivateStructureToolWindow">
    <keyboard-shortcut first-keystroke="meta 2" />
  </action>
  <action id="Debug" />
  <action id="DuplicatesForm.SendToRight" />
  <action id="Editor Delete">
    <keyboard-shortcut first-keystroke="ctrl d" />
  </action>
  <action id="FileChooser.GotoModule" />
  <action id="FileChooser.GotoProject" />
  <action id="FindUsages">
    <keyboard-shortcut first-keystroke="alt f7" />
    <keyboard-shortcut first-keystroke="meta escape" />
  </action>
  <action id="ManageRecentProjects">
    <keyboard-shortcut first-keystroke="meta m" />
  </action>
  <action id="MinimizeCurrentWindow" />
</keymap>